{"stat.pickup.minecraft.rotten_flesh":2,"stat.flyOneCm":4644,"stat.walkOneCm":3807,"stat.jump":25,"stat.playOneMinute":1123,"stat.pickup.minecraft.stick":64,"stat.leaveGame":1,"stat.sneakTime":2,"stat.damageDealt":600,"stat.useItem.mores.silver_sword":10,"stat.killEntity.Zombie":2,"stat.timeSinceDeath":1123,"stat.craftItem.mores.silver_sword":1,"stat.sprintOneCm":2847,"stat.mobKills":3,"stat.useItem.minecraft.spawn_egg":3,"stat.useItem.minecraft.stone_slab2":1,"stat.killEntity.Creeper":1,"stat.craftingTableInteraction":1}