{"stat.useItem.mores.ruby_pickaxe":1,"stat.flyOneCm":4956,"stat.walkOneCm":4413,"stat.jump":21,"stat.playOneMinute":1576,"stat.fallOneCm":1463,"stat.leaveGame":2,"stat.mineBlock.mores.cobalt_ore":1,"stat.craftItem.minecraft.stone_slab2":0,"stat.furnaceInteraction":14,"stat.craftItem.mores.cobalt_ingot":3,"stat.useItem.mores.cobalt_ore":1,"stat.timeSinceDeath":1576,"stat.pickup.mores.cobalt_ore":1,"stat.craftItem.minecraft.iron_ingot":2,"stat.sprintOneCm":1654,"stat.useItem.minecraft.stone_slab2":3,"stat.useItem.minecraft.porkchop":2}