{"stat.pickup.minecraft.rotten_flesh":2,"stat.killEntity.Skeleton":1,"stat.walkOneCm":3390,"stat.pickup.minecraft.bone":2,"stat.leaveGame":2,"stat.pickup.minecraft.arrow":2,"stat.killEntity.Spider":2,"stat.killEntity.Husk":1,"stat.useItem.mores.cobalt_ore":1,"stat.mobKills":6,"stat.useItem.mores.ruby_pickaxe":1,"stat.flyOneCm":12064,"stat.useItem.mores.obsidian_battleaxe":12,"stat.jump":61,"stat.playOneMinute":1740,"stat.fallOneCm":418,"stat.mineBlock.mores.cobalt_ore":1,"stat.damageDealt":1100,"stat.killEntity.Zombie":2,"stat.timeSinceDeath":1740,"stat.pickup.mores.cobalt_ore":1,"stat.sprintOneCm":6742}