{"stat.useItem.mores.ruby_pickaxe":14,"stat.flyOneCm":163,"stat.deaths":1,"stat.walkOneCm":6325,"stat.pickup.minecraft.diamond":2,"stat.jump":9,"stat.playOneMinute":1474,"stat.mineBlock.minecraft.diamond_ore":2,"stat.leaveGame":1,"stat.mineBlock.mores.cobalt_ore":2,"stat.mineBlock.minecraft.cobblestone":4,"stat.damageTaken":106,"stat.mineBlock.minecraft.iron_ore":5,"stat.timeSinceDeath":1342,"stat.pickup.mores.cobalt_ore":2,"stat.sprintOneCm":142,"stat.pickup.minecraft.cobblestone":4,"stat.useItem.minecraft.stone_slab2":15,"stat.mineBlock.minecraft.tallgrass":1,"stat.entityKilledBy.Husk":1,"stat.pickup.minecraft.iron_ore":5}