{"stat.useItem.mores.ruby_pickaxe":8,"stat.pickup.minecraft.string":2,"stat.flyOneCm":1645,"stat.walkOneCm":6414,"stat.pickup.minecraft.wheat_seeds":1,"stat.jump":12,"stat.playOneMinute":747,"stat.leaveGame":1,"stat.mineBlock.mores.cobalt_ore":3,"stat.damageTaken":90,"stat.killEntity.Spider":1,"stat.damageDealt":160,"stat.useItem.mores.cobalt_ore":3,"stat.timeSinceDeath":747,"stat.pickup.mores.cobalt_ore":3,"stat.pickup.minecraft.spider_eye":1,"stat.sprintOneCm":889,"stat.mobKills":1,"stat.mineBlock.minecraft.tallgrass":1}