{"stat.pickup.mores.obsidian_legs":1,"stat.walkOneCm":28748,"stat.useItem.minecraft.bread":10,"stat.pickup.mores.ruby_helmet":1,"stat.leaveGame":3,"stat.pickup.mores.turquartz_helmet":1,"stat.furnaceInteraction":1,"stat.jump":234,"stat.fallOneCm":5674,"stat.pickup.mores.turquartz_legs":1,"stat.craftItem.minecraft.stone_slab2":0,"stat.pickup.mores.obsidian_chest":1,"stat.craftItem.mores.cobalt_ingot":2,"stat.pickup.mores.turquartz_chest":1,"stat.sprintOneCm":30630,"stat.pickup.mores.obsidian_helmet":1,"stat.pickup.mores.ruby_legs":1,"stat.damageTaken":866,"stat.useItem.mores.cobalt_ore":4,"stat.pickup.minecraft.cobblestone":2,"stat.entityKilledBy.ZombieVillager":1,"stat.pickup.minecraft.spawn_egg":1,"stat.pickup.mores.turquartz_boots":1,"stat.useItem.mores.ruby_pickaxe":4,"stat.flyOneCm":43882,"stat.deaths":1,"stat.pickup.minecraft.wheat_seeds":1,"stat.pickup.mores.ruby_boots":1,"stat.playOneMinute":10452,"stat.sneakTime":4,"stat.mineBlock.mores.cobalt_ore":4,"stat.pickup.mores.obsidian_boots":1,"stat.damageDealt":358,"stat.timeSinceDeath":8467,"stat.pickup.mores.cobalt_ore":4,"stat.useItem.minecraft.spawn_egg":8}