{"stat.walkOneCm":7236,"stat.pickup.minecraft.bone":1,"stat.leaveGame":3,"stat.pickup.minecraft.arrow":2,"stat.mineBlock.minecraft.deadbush":1,"stat.useItem.mores.onyx_sword":14,"stat.pickup.minecraft.string":1,"stat.jump":94,"stat.swimOneCm":89,"stat.fallOneCm":1103,"stat.crouchOneCm":154,"stat.sprintOneCm":14029,"stat.pickup.mores.amethyst_legs":1,"stat.pickup.minecraft.rotten_flesh":4,"stat.pickup.minecraft.sand":1,"stat.damageTaken":43,"stat.killEntity.Spider":1,"stat.useItem.mores.cobalt_ore":2,"stat.mobKills":10,"stat.useItem.mores.ruby_pickaxe":2,"stat.flyOneCm":24090,"stat.mineBlock.minecraft.sand":1,"stat.playOneMinute":4414,"stat.sneakTime":35,"stat.mineBlock.mores.cobalt_ore":2,"stat.damageDealt":971,"stat.killEntity.Zombie":3,"stat.timeSinceDeath":4414,"stat.pickup.mores.cobalt_ore":2,"stat.diveOneCm":274}