{"stat.pickup.minecraft.rotten_flesh":2,"stat.killEntity.Skeleton":6,"stat.walkOneCm":8150,"stat.pickup.minecraft.bone":10,"stat.killEntity.Chicken":1,"stat.leaveGame":1,"stat.pickup.minecraft.arrow":7,"stat.damageTaken":109,"stat.killEntity.Spider":3,"stat.pickup.minecraft.feather":2,"stat.killEntity.ZombieVillager":1,"stat.mobKills":17,"stat.killEntity.Creeper":2,"stat.pickup.minecraft.string":2,"stat.flyOneCm":18106,"stat.useItem.mores.graphene_battleaxe":25,"stat.jump":93,"stat.playOneMinute":3437,"stat.fallOneCm":1038,"stat.killEntity.Sheep":2,"stat.pickup.minecraft.wool":2,"stat.damageDealt":2701,"stat.pickup.minecraft.gunpowder":1,"stat.pickup.minecraft.chicken":1,"stat.killEntity.Zombie":2,"stat.timeSinceDeath":3437,"stat.pickup.minecraft.spider_eye":1,"stat.sprintOneCm":11512,"stat.pickup.minecraft.bow":1,"stat.mineBlock.minecraft.tallgrass":1,"stat.pickup.minecraft.mutton":3}