{"stat.useItem.mores.ruby_pickaxe":4,"stat.pickup.minecraft.sand":1,"stat.flyOneCm":1214,"stat.walkOneCm":3576,"stat.mineBlock.minecraft.sand":1,"stat.jump":7,"stat.playOneMinute":1573,"stat.fallOneCm":209,"stat.leaveGame":1,"stat.mineBlock.mores.cobalt_ore":1,"stat.useItem.minecraft.iron_ore":1,"stat.furnaceInteraction":1,"stat.mineBlock.minecraft.iron_ore":1,"stat.useItem.mores.cobalt_ore":1,"stat.timeSinceDeath":1573,"stat.pickup.mores.cobalt_ore":1,"stat.pickup.minecraft.dirt":1,"stat.sprintOneCm":1244,"stat.mineBlock.minecraft.dirt":1,"stat.pickup.minecraft.iron_ore":1}