{"stat.flyOneCm":6710,"stat.walkOneCm":32997,"stat.drop":4,"stat.pickup.minecraft.wheat_seeds":3,"stat.jump":13,"stat.swimOneCm":1181,"stat.playOneMinute":8615,"stat.drop.mores.amethist_sword":1,"stat.drop.minecraft.wooden_pickaxe":1,"stat.useItem.minecraft.item_frame":2,"stat.leaveGame":1,"stat.sneakTime":320,"stat.drop.mores.obsidian_sword":1,"stat.damageDealt":40,"stat.drop.mores.amethist_pickaxe":1,"stat.crouchOneCm":984,"stat.timeSinceDeath":8615,"stat.sprintOneCm":514,"stat.useItem.minecraft.stone_slab2":113,"stat.useItem.minecraft.bucket":5,"stat.useItem.minecraft.water_bucket":5,"stat.pickup.mores.obsidian_sword":1}