{"stat.walkOneCm":4825,"stat.pickup.minecraft.wooden_slab":1,"stat.mineBlock.minecraft.acacia_stairs":3,"stat.leaveGame":2,"stat.useItem.mores.ruby_axe":7,"stat.pickup.minecraft.acacia_stairs":1,"stat.mobKills":1,"stat.mineBlock.minecraft.wooden_slab":1,"stat.pickup.minecraft.log":3,"stat.flyOneCm":6651,"stat.jump":27,"stat.swimOneCm":639,"stat.playOneMinute":1047,"stat.fallOneCm":627,"stat.damageDealt":90,"stat.pickup.minecraft.porkchop":1,"stat.timeSinceDeath":1047,"stat.sprintOneCm":3884,"stat.killEntity.Pig":1,"stat.useItem.mores.ruby_hoe":14}