{"stat.walkOneCm":43403,"stat.useItem.minecraft.stone":12,"stat.drop.mores.ruby_axe":1,"stat.pickup.minecraft.diamond_pickaxe":1,"stat.mineBlock.minecraft.diamond_ore":6,"stat.itemEnchanted":15,"stat.leaveGame":2,"stat.useItem.mores.ruby_axe":6,"stat.useItem.minecraft.log":6,"stat.mineBlock.minecraft.cobblestone":14,"stat.useItem.minecraft.cobblestone":14,"stat.useItem.minecraft.diamond_pickaxe":5,"stat.mineBlock.minecraft.obsidian":2,"stat.useItem.minecraft.acacia_stairs":3,"stat.pickup.minecraft.cobblestone":26,"stat.pickup.minecraft.obsidian":2,"stat.drop.mores.ruby_hoe":1,"stat.mineBlock.minecraft.log":6,"stat.useItem.mores.ruby_pickaxe":29,"stat.pickup.minecraft.log":3,"stat.flyOneCm":2832,"stat.pickup.mores.ruby_axe":1,"stat.drop.mores.ruby_pickaxe":2,"stat.drop":5,"stat.pickup.minecraft.diamond":6,"stat.pickup.minecraft.wheat_seeds":1,"stat.jump":29,"stat.pickup.mores.ruby_pickaxe":2,"stat.playOneMinute":10023,"stat.useItem.minecraft.diamond_ore":6,"stat.sneakTime":218,"stat.useItem.mores.ruby_shovel":17,"stat.crouchOneCm":744,"stat.timeSinceDeath":10023,"stat.pickup.mores.ruby_hoe":1,"stat.useItem.minecraft.obsidian":6,"stat.pickup.minecraft.dirt":14,"stat.sprintOneCm":4529,"stat.mineBlock.minecraft.dirt":17,"stat.craftItem.mores.ruby_pickaxe":1,"stat.useItem.minecraft.stone_slab2":23,"stat.useItem.minecraft.wooden_slab":3,"stat.mineBlock.minecraft.stone":12,"stat.drop.minecraft.diamond_pickaxe":1,"stat.craftingTableInteraction":1}