{"stat.pickup.mores.cobalt_chest":1,"stat.pickup.mores.sapphire_gem":1,"stat.walkOneCm":7925,"stat.drop":8,"stat.jump":3,"stat.drop.mores.cobalt_ingot":1,"stat.playOneMinute":3084,"stat.drop.mores.cobalt_pickaxe":1,"stat.drop.mores.cobalt_chest":1,"stat.drop.mores.amethist_sword":1,"stat.drop.minecraft.porkchop":1,"stat.leaveGame":1,"stat.drop.mores.cobalt_sword":1,"stat.timeSinceDeath":3084,"stat.pickup.mores.cobalt_shovel":1,"stat.pickup.mores.cobalt_ingot":1,"stat.pickup.mores.cobalt_pickaxe":1,"stat.pickup.mores.amethist_sword":1,"stat.sprintOneCm":93,"stat.drop.mores.sapphire_gem":1,"stat.pickup.mores.cobalt_sword":1,"stat.drop.mores.cobalt_shovel":1}