{
  "mores:mores/craft_full_silver_armor": {
    "criteria": {
      "obtain_copper_ore": "2021-02-24 22:54:44 +0100"
    },
    "done": true
  },
  "mores:mores/craft_emerald_gear": {
    "criteria": {
      "craft_emerald_legs": "2021-02-24 22:54:44 +0100",
      "craft_emerald_boots": "2021-02-24 22:54:44 +0100",
      "craft_emerald_chest": "2021-02-24 22:54:44 +0100",
      "craft_emerald_helmet": "2021-02-24 22:54:44 +0100"
    },
    "done": true
  },
  "mores:mores/obtain_cobalt_ore": {
    "criteria": {
      "obtain_cobalt_ore": "2021-02-24 22:54:44 +0100"
    },
    "done": true
  },
  "minecraft:recipes/decorations/chest": {
    "criteria": {
      "has_lots_of_items": "2021-02-24 22:54:44 +0100"
    },
    "done": true
  },
  "mores:mores/craft_full_ruby_gear": {
    "criteria": {
      "craft_ruby_pickaxe": "2021-02-24 22:54:44 +0100"
    },
    "done": false
  },
  "mores:mores/craft_full_onyx_armor": {
    "criteria": {
      "obtain_onyx_armor": "2021-02-24 22:54:44 +0100"
    },
    "done": true
  },
  "mores:mores/craft_ruby_pickaxe": {
    "criteria": {
      "craft_sapphire_pickaxe": "2021-02-24 22:54:44 +0100"
    },
    "done": true
  },
  "mores:mores/craft_full_emerald_armor": {
    "criteria": {
      "craft_emerald_tool": "2021-02-24 22:54:44 +0100"
    },
    "done": true
  },
  "mores:mores/craft_full_tanzanite_armor": {
    "criteria": {
      "obtain_tanzanite_armor": "2021-02-24 22:54:44 +0100"
    },
    "done": true
  },
  "minecraft:adventure/adventuring_time": {
    "criteria": {
      "desert": "2021-02-24 22:54:44 +0100"
    },
    "done": false
  }
}